{
	"partitions" : [
		{
			"name" : "Top",
			"pins" : [
				{
					"name" : "Red[0]",
					"strict" : false
				},
				{
					"name" : "Red[1]",
					"strict" : false
				},
				{
					"name" : "Red[2]",
					"strict" : false
				},
				{
					"name" : "Red[3]",
					"strict" : false
				},
				{
					"name" : "Green[0]",
					"strict" : false
				},
				{
					"name" : "Green[1]",
					"strict" : false
				},
				{
					"name" : "Green[2]",
					"strict" : false
				},
				{
					"name" : "Green[3]",
					"strict" : false
				},
				{
					"name" : "Blue[0]",
					"strict" : false
				},
				{
					"name" : "Blue[1]",
					"strict" : false
				},
				{
					"name" : "Blue[2]",
					"strict" : false
				},
				{
					"name" : "Blue[3]",
					"strict" : false
				},
				{
					"name" : "hsync",
					"strict" : false
				},
				{
					"name" : "vsync",
					"strict" : false
				},
				{
					"name" : "clk",
					"strict" : false
				}
			]
		}
	]
}