{
	"partitions" : [
		{
			"name" : "Top",
			"pins" : [
				{
					"name" : "D1[0]",
					"strict" : false
				},
				{
					"name" : "D1[1]",
					"strict" : false
				},
				{
					"name" : "D1[2]",
					"strict" : false
				},
				{
					"name" : "D1[3]",
					"strict" : false
				},
				{
					"name" : "D1[4]",
					"strict" : false
				},
				{
					"name" : "D1[5]",
					"strict" : false
				},
				{
					"name" : "D1[6]",
					"strict" : false
				},
				{
					"name" : "D2[0]",
					"strict" : false
				},
				{
					"name" : "D2[2]",
					"strict" : false
				},
				{
					"name" : "D2[3]",
					"strict" : false
				},
				{
					"name" : "D2[4]",
					"strict" : false
				},
				{
					"name" : "D2[5]",
					"strict" : false
				},
				{
					"name" : "D2[6]",
					"strict" : false
				},
				{
					"name" : "control",
					"strict" : false
				},
				{
					"name" : "Inc",
					"strict" : false
				},
				{
					"name" : "Pini",
					"strict" : false
				},
				{
					"name" : "Pfin",
					"strict" : false
				},
				{
					"name" : "Dec",
					"strict" : false
				},
				{
					"name" : "reloj_sv",
					"strict" : false
				}
			]
		}
	]
}