{
	"partitions" : [
		{
			"name" : "Top",
			"pins" : [
				{
					"name" : "display1[0]",
					"strict" : false
				},
				{
					"name" : "display1[1]",
					"strict" : false
				},
				{
					"name" : "display1[2]",
					"strict" : false
				},
				{
					"name" : "display1[3]",
					"strict" : false
				},
				{
					"name" : "display1[4]",
					"strict" : false
				},
				{
					"name" : "display1[5]",
					"strict" : false
				},
				{
					"name" : "display1[6]",
					"strict" : false
				},
				{
					"name" : "display2[0]",
					"strict" : false
				},
				{
					"name" : "display2[1]",
					"strict" : false
				},
				{
					"name" : "display2[2]",
					"strict" : false
				},
				{
					"name" : "display2[3]",
					"strict" : false
				},
				{
					"name" : "display2[4]",
					"strict" : false
				},
				{
					"name" : "display2[5]",
					"strict" : false
				},
				{
					"name" : "display2[6]",
					"strict" : false
				},
				{
					"name" : "display3[0]",
					"strict" : false
				},
				{
					"name" : "display3[1]",
					"strict" : false
				},
				{
					"name" : "display3[2]",
					"strict" : false
				},
				{
					"name" : "display3[3]",
					"strict" : false
				},
				{
					"name" : "display3[4]",
					"strict" : false
				},
				{
					"name" : "display3[5]",
					"strict" : false
				},
				{
					"name" : "display3[6]",
					"strict" : false
				},
				{
					"name" : "display4[0]",
					"strict" : false
				},
				{
					"name" : "display4[2]",
					"strict" : false
				},
				{
					"name" : "display4[3]",
					"strict" : false
				},
				{
					"name" : "display4[4]",
					"strict" : false
				},
				{
					"name" : "display4[5]",
					"strict" : false
				},
				{
					"name" : "display4[6]",
					"strict" : false
				},
				{
					"name" : "reloj",
					"strict" : false
				}
			]
		}
	]
}